<annotation>
	<folder>collectedimages</folder>
	<filename>iloveyou.ba90c678-5ef4-11ef-b706-e6523ee64638.jpg</filename>
	<path>C:\Users\NANI\Desktop\PROJECT\RealTimeObjectDetection\Tensorflow\workspace\images\collectedimages\iloveyou.ba90c678-5ef4-11ef-b706-e6523ee64638.jpg</path>
	<source>
		<database>Unknown</database>
	</source>
	<size>
		<width>640</width>
		<height>480</height>
		<depth>3</depth>
	</size>
	<segmented>0</segmented>
	<object>
		<name>I Love You</name>
		<pose>Unspecified</pose>
		<truncated>0</truncated>
		<difficult>0</difficult>
		<bndbox>
			<xmin>120</xmin>
			<ymin>162</ymin>
			<xmax>369</xmax>
			<ymax>438</ymax>
		</bndbox>
	</object>
</annotation>
