<annotation>
	<folder>collectedimages</folder>
	<filename>no.9b89d8ed-5ef4-11ef-a29b-e6523ee64638.jpg</filename>
	<path>C:\Users\NANI\Desktop\PROJECT\RealTimeObjectDetection\Tensorflow\workspace\images\collectedimages\no.9b89d8ed-5ef4-11ef-a29b-e6523ee64638.jpg</path>
	<source>
		<database>Unknown</database>
	</source>
	<size>
		<width>640</width>
		<height>480</height>
		<depth>3</depth>
	</size>
	<segmented>0</segmented>
	<object>
		<name>No</name>
		<pose>Unspecified</pose>
		<truncated>0</truncated>
		<difficult>0</difficult>
		<bndbox>
			<xmin>96</xmin>
			<ymin>161</ymin>
			<xmax>291</xmax>
			<ymax>382</ymax>
		</bndbox>
	</object>
</annotation>
