<annotation>
	<folder>collectedimages</folder>
	<filename>no.991e0877-5ef4-11ef-ae4a-e6523ee64638.jpg</filename>
	<path>C:\Users\NANI\Desktop\PROJECT\RealTimeObjectDetection\Tensorflow\workspace\images\collectedimages\no.991e0877-5ef4-11ef-ae4a-e6523ee64638.jpg</path>
	<source>
		<database>Unknown</database>
	</source>
	<size>
		<width>640</width>
		<height>480</height>
		<depth>3</depth>
	</size>
	<segmented>0</segmented>
	<object>
		<name>No</name>
		<pose>Unspecified</pose>
		<truncated>0</truncated>
		<difficult>0</difficult>
		<bndbox>
			<xmin>276</xmin>
			<ymin>170</ymin>
			<xmax>528</xmax>
			<ymax>350</ymax>
		</bndbox>
	</object>
</annotation>
