<annotation>
	<folder>collectedimages</folder>
	<filename>no.a2c8f395-5ef4-11ef-9de7-e6523ee64638.jpg</filename>
	<path>C:\Users\NANI\Desktop\PROJECT\RealTimeObjectDetection\Tensorflow\workspace\images\collectedimages\no.a2c8f395-5ef4-11ef-9de7-e6523ee64638.jpg</path>
	<source>
		<database>Unknown</database>
	</source>
	<size>
		<width>640</width>
		<height>480</height>
		<depth>3</depth>
	</size>
	<segmented>0</segmented>
	<object>
		<name>No</name>
		<pose>Unspecified</pose>
		<truncated>0</truncated>
		<difficult>0</difficult>
		<bndbox>
			<xmin>286</xmin>
			<ymin>150</ymin>
			<xmax>560</xmax>
			<ymax>346</ymax>
		</bndbox>
	</object>
</annotation>
