<annotation>
	<folder>collectedimages</folder>
	<filename>thanks3.jpg</filename>
	<path>C:\Users\NANI\Desktop\PROJECT\RealTimeObjectDetection\Tensorflow\workspace\images\collectedimages\thanks3.jpg</path>
	<source>
		<database>Unknown</database>
	</source>
	<size>
		<width>1920</width>
		<height>1080</height>
		<depth>3</depth>
	</size>
	<segmented>0</segmented>
	<object>
		<name>Thanks</name>
		<pose>Unspecified</pose>
		<truncated>1</truncated>
		<difficult>0</difficult>
		<bndbox>
			<xmin>504</xmin>
			<ymin>683</ymin>
			<xmax>1452</xmax>
			<ymax>1080</ymax>
		</bndbox>
	</object>
</annotation>
